team_id,word1,word2,word3,Notes,Added Time
1,doubleur,apercu,causeur,,21-Oct-2023 10:20:58
1,archiver,tremblement,rediscuter,,21-Oct-2023 10:38:58
1,exagerant,argoter,edulcorer,,21-Oct-2023 10:56:24
2,ludique,geologue,infime,,21-Oct-2023 10:19:00
2,notaire,commercer,rythmant,,21-Oct-2023 10:40:34
2,espece,ioniser,rejouisse,,21-Oct-2023 10:55:46
3,securisant,visualiser,intuitif,,21-Oct-2023 10:17:48
3,freinant,habilleuse,gelant,,21-Oct-2023 10:37:44
3,surhumain,historique,effectuer,,21-Oct-2023 10:57:09
